,Model,Year,Miles,Location,Prices,Link,Scraped_On,Dealership
3, Mazda cx-5 Grand Touring Sport Utility 4D,2020.0,94000.0,"West Lafayette, IN","$17,500",https://www.facebook.com//marketplace/item/830300118551591/?ref=search&referral_code=null&referral_story_type=post&tracking=browse_serp%3Af63fbce9-cd6a-46f2-998a-80da563f93e7&__tn__=!%3AD,2024-07-10,False
4, Honda accord LX Sedan 4D,2015.0,111000.0,"West Lafayette, IN","$9,500",https://www.facebook.com//marketplace/item/877123424058686/?ref=search&referral_code=null&referral_story_type=post&tracking=browse_serp%3Af63fbce9-cd6a-46f2-998a-80da563f93e7&__tn__=!%3AD,2024-07-10,False
5, Toyota camry XLE Sedan 4D,2004.0,180000.0,"West Lafayette, IN","$4,000",https://www.facebook.com//marketplace/item/488479520209966/?ref=search&referral_code=null&referral_story_type=post&tracking=browse_serp%3Af63fbce9-cd6a-46f2-998a-80da563f93e7&__tn__=!%3AD,2024-07-10,False
6, Mazda cx-5 Sport SUV 4D,2015.0,78000.0,"West Lafayette, IN","$12,750",https://www.facebook.com//marketplace/item/2752865014891478/?ref=search&referral_code=null&referral_story_type=post&tracking=browse_serp%3Af63fbce9-cd6a-46f2-998a-80da563f93e7&__tn__=!%3AD,2024-07-10,False
7, Mazda MAZDA3,2019.0,75000.0,"Lafayette, IN","$15,000",https://www.facebook.com//marketplace/item/977543940819552/?ref=search&referral_code=null&referral_story_type=post&tracking=browse_serp%3Af63fbce9-cd6a-46f2-998a-80da563f93e7&__tn__=!%3AD,2024-07-10,False
8, Honda accord LX Sedan 4D,2015.0,110000.0,"West Lafayette, IN","$9,500",https://www.facebook.com//marketplace/item/1015634572833737/?ref=search&referral_code=null&referral_story_type=post&tracking=browse_serp%3Af63fbce9-cd6a-46f2-998a-80da563f93e7&__tn__=!%3AD,2024-07-10,False
9, Toyota camry SE,2019.0,143000.0,"West Lafayette, IN","$15,999",https://www.facebook.com//marketplace/item/1842322902915862/?ref=search&referral_code=null&referral_story_type=post&tracking=browse_serp%3Af63fbce9-cd6a-46f2-998a-80da563f93e7&__tn__=!%3AD,2024-07-10,False
10, Mazda mazda3 Premium Plus Sedan 4D,2018.0,129000.0,"Lafayette, IN","$9,000",https://www.facebook.com//marketplace/item/488099273733484/?ref=search&referral_code=null&referral_story_type=post&tracking=browse_serp%3Af63fbce9-cd6a-46f2-998a-80da563f93e7&__tn__=!%3AD,2024-07-10,False
13, Toyota matrix XR Sport Wagon 4D,2007.0,95000.0,"Brownsburg, IN","$5,500",https://www.facebook.com//marketplace/item/415484764134785/?ref=search&referral_code=null&referral_story_type=post&tracking=browse_serp%3Af63fbce9-cd6a-46f2-998a-80da563f93e7&__tn__=!%3AD,2024-07-10,False
14, Toyota camry SE Sedan 4D,2012.0,164000.0,"West Lafayette, IN","$9,999",https://www.facebook.com//marketplace/item/1193636841830599/?ref=search&referral_code=null&referral_story_type=post&tracking=browse_serp%3Af63fbce9-cd6a-46f2-998a-80da563f93e7&__tn__=!%3AD,2024-07-10,False
16, Toyota camry le,2002.0,174000.0,"West Lafayette, IN","NT$3,000",https://www.facebook.com//marketplace/item/795376612574935/?ref=search&referral_code=null&referral_story_type=post&tracking=browse_serp%3Af63fbce9-cd6a-46f2-998a-80da563f93e7&__tn__=!%3AD,2024-07-10,False
18, Toyota camry LE Sedan 4D,2009.0,280000.0,"Lafayette, IN","$5,265",https://www.facebook.com//marketplace/item/1208104983932599/?ref=search&referral_code=null&referral_story_type=post&tracking=browse_serp%3Af63fbce9-cd6a-46f2-998a-80da563f93e7&__tn__=!%3AD,2024-07-10,False
25, Mazda mazda3 Preferred Hatchback 4D,2020.0,95000.0,"Lafayette, IN","$14,000",https://www.facebook.com//marketplace/item/503029605494217/?ref=search&referral_code=null&referral_story_type=post&tracking=browse_serp%3Af63fbce9-cd6a-46f2-998a-80da563f93e7&__tn__=!%3AD,2024-07-10,False
28, Honda accord EX-L Sedan 4D,2015.0,121000.0,"Frankfort, IN","$8,100",https://www.facebook.com//marketplace/item/1468091920738333/?ref=search&referral_code=null&referral_story_type=post&tracking=browse_serp%3Af63fbce9-cd6a-46f2-998a-80da563f93e7&__tn__=!%3AD,2024-07-10,False
29, Mazda mazda6 i Touring Sedan 4D,2014.0,133000.0,"Lafayette, IN","$7,650",https://www.facebook.com//marketplace/item/735058701742919/?ref=search&referral_code=null&referral_story_type=post&tracking=browse_serp%3Af63fbce9-cd6a-46f2-998a-80da563f93e7&__tn__=!%3AD,2024-07-10,False
31, Mazda mazda3,2007.0,198000.0,"Lafayette, IN","$2,200",https://www.facebook.com//marketplace/item/817516253650913/?ref=search&referral_code=null&referral_story_type=post&tracking=browse_serp%3Af63fbce9-cd6a-46f2-998a-80da563f93e7&__tn__=!%3AD,2024-07-10,False
32, Toyota 2015 toyota camry le,2015.0,130000.0,"Lafayette, IN","$11,800",https://www.facebook.com//marketplace/item/469197399063542/?ref=search&referral_code=null&referral_story_type=post&tracking=browse_serp%3Af63fbce9-cd6a-46f2-998a-80da563f93e7&__tn__=!%3AD,2024-07-10,False
35, Honda accord EX-L Sedan 4D,2015.0,121000.0,"Frankfort, IN","$8,100",https://www.facebook.com//marketplace/item/487699053720055/?ref=search&referral_code=null&referral_story_type=post&tracking=browse_serp%3Af63fbce9-cd6a-46f2-998a-80da563f93e7&__tn__=!%3AD,2024-07-10,False
40, Honda cr-v,2014.0,2200.0,"Lafayette, IN","$8,500",https://www.facebook.com//marketplace/item/1205750520778472/?ref=search&referral_code=null&referral_story_type=post&tracking=browse_serp%3Af63fbce9-cd6a-46f2-998a-80da563f93e7&__tn__=!%3AD,2024-07-10,False
45, Honda civic LX,2016.0,186000.0,"Lafayette, IN","$8,900",https://www.facebook.com//marketplace/item/1417086788991521/?ref=search&referral_code=null&referral_story_type=post&tracking=browse_serp%3Af63fbce9-cd6a-46f2-998a-80da563f93e7&__tn__=!%3AD,2024-07-10,False
47, Honda civic 2008,2008.0,,"Lafayette, IN","$4,500",https://www.facebook.com//marketplace/item/1873252276421311/?ref=search&referral_code=null&referral_story_type=post&tracking=browse_serp%3Af63fbce9-cd6a-46f2-998a-80da563f93e7&__tn__=!%3AD,2024-07-10,False
52, Honda civic LX,2018.0,56000.0,"Lafayette, IN","$15,900",https://www.facebook.com//marketplace/item/1186717039244455/?ref=search&referral_code=null&referral_story_type=post&tracking=browse_serp%3Af63fbce9-cd6a-46f2-998a-80da563f93e7&__tn__=!%3AD,2024-07-10,True
59, Toyota camry XLE Sedan 4D,2007.0,123000.0,"Frankfort, IN","$7,000",https://www.facebook.com//marketplace/item/464769099840620/?ref=search&referral_code=null&referral_story_type=post&tracking=browse_serp%3Af63fbce9-cd6a-46f2-998a-80da563f93e7&__tn__=!%3AD,2024-07-10,False
67, Mazda rx-8 Sport,2004.0,81000.0,"Lafayette, IN","$5,235",https://www.facebook.com//marketplace/item/1843553282737848/?ref=search&referral_code=null&referral_story_type=post&tracking=browse_serp%3Af63fbce9-cd6a-46f2-998a-80da563f93e7&__tn__=!%3AD,2024-07-10,False
69, Toyota highlander sport 2wd 2.4 great mpg!,2004.0,155000.0,"Lafayette, IN","$6,000",https://www.facebook.com//marketplace/item/468982632414331/?ref=search&referral_code=null&referral_story_type=post&tracking=browse_serp%3Af63fbce9-cd6a-46f2-998a-80da563f93e7&__tn__=!%3AD,2024-07-10,False
79, Honda cr-v EX Sport Utility 4D,2003.0,174000.0,"Lafayette, IN","$3,450",https://www.facebook.com//marketplace/item/1232239954853077/?ref=search&referral_code=null&referral_story_type=post&tracking=browse_serp%3Af63fbce9-cd6a-46f2-998a-80da563f93e7&__tn__=!%3AD,2024-07-10,False
80, Toyota camry LE Sedan 4D,2000.0,210000.0,"Watseka, IL","$1,100",https://www.facebook.com//marketplace/item/3989691931265314/?ref=search&referral_code=null&referral_story_type=post&tracking=browse_serp%3Af63fbce9-cd6a-46f2-998a-80da563f93e7&__tn__=!%3AD,2024-07-10,False
85, Honda pilot Touring Sport Utility 4D,2011.0,130000.0,"Frankfort, IN","$11,500",https://www.facebook.com//marketplace/item/8196776020342155/?ref=search&referral_code=null&referral_story_type=post&tracking=browse_serp%3Af63fbce9-cd6a-46f2-998a-80da563f93e7&__tn__=!%3AD,2024-07-10,False
94, Honda accord EX Sedan 4D,2006.0,176000.0,"Frankfort, IN","$4,900",https://www.facebook.com//marketplace/item/356275107456917/?ref=search&referral_code=null&referral_story_type=post&tracking=browse_serp%3Af63fbce9-cd6a-46f2-998a-80da563f93e7&__tn__=!%3AD,2024-07-10,False
97, Honda accord Silver,2003.0,240000.0,"West Lafayette, IN","$3,000",https://www.facebook.com//marketplace/item/420903234152727/?ref=search&referral_code=null&referral_story_type=post&tracking=browse_serp%3Af63fbce9-cd6a-46f2-998a-80da563f93e7&__tn__=!%3AD,2024-07-10,False
99, Toyota avalon XLS Sedan 4D,2002.0,200000.0,"Lafayette, IN","$3,200",https://www.facebook.com//marketplace/item/1419443598764336/?ref=search&referral_code=null&referral_story_type=post&tracking=browse_serp%3Af63fbce9-cd6a-46f2-998a-80da563f93e7&__tn__=!%3AD,2024-07-10,False
100, Honda accord EX Sedan 4D,2006.0,245000.0,"Lafayette, IN","$3,000",https://www.facebook.com//marketplace/item/7667021366667345/?ref=search&referral_code=null&referral_story_type=post&tracking=browse_serp%3Af63fbce9-cd6a-46f2-998a-80da563f93e7&__tn__=!%3AD,2024-07-10,False
101, Honda odyssey EX-L Minivan 4D,2013.0,174000.0,"Lafayette, IN","$7,650",https://www.facebook.com//marketplace/item/817980257030105/?ref=search&referral_code=null&referral_story_type=post&tracking=browse_serp%3Af63fbce9-cd6a-46f2-998a-80da563f93e7&__tn__=!%3AD,2024-07-10,False
110, Honda civic EX Sedan 4D,2009.0,197000.0,"Lafayette, IN","$5,500",https://www.facebook.com//marketplace/item/1188291425533947/?ref=search&referral_code=null&referral_story_type=post&tracking=browse_serp%3Af63fbce9-cd6a-46f2-998a-80da563f93e7&__tn__=!%3AD,2024-07-10,False
111, Toyota matrix S Sport Wagon 4D,2009.0,190000.0,"Demotte, IN","$3,200",https://www.facebook.com//marketplace/item/461701483469372/?ref=search&referral_code=null&referral_story_type=post&tracking=browse_serp%3Af63fbce9-cd6a-46f2-998a-80da563f93e7&__tn__=!%3AD,2024-07-10,False
116, Honda accord EX Sedan 4D,2014.0,78000.0,"Lafayette, IN","$14,499",https://www.facebook.com//marketplace/item/1129737161415741/?ref=search&referral_code=null&referral_story_type=post&tracking=browse_serp%3Af63fbce9-cd6a-46f2-998a-80da563f93e7&__tn__=!%3AD,2024-07-10,True
118, Mazda mazda6 i Touring Sedan 4D,2014.0,97000.0,"West Lafayette, IN",$394,https://www.facebook.com//marketplace/item/824950089052923/?ref=search&referral_code=null&referral_story_type=post&tracking=browse_serp%3Af63fbce9-cd6a-46f2-998a-80da563f93e7&__tn__=!%3AD,2024-07-10,False
120, Honda civic LX Sedan 4D,2016.0,76000.0,"West Lafayette, IN",$395,https://www.facebook.com//marketplace/item/1134893714443109/?ref=search&referral_code=null&referral_story_type=post&tracking=browse_serp%3Af63fbce9-cd6a-46f2-998a-80da563f93e7&__tn__=!%3AD,2024-07-10,False
121, Honda accord EX Sedan 4D,2023.0,300.0,"Lafayette, IN","$3,000",https://www.facebook.com//marketplace/item/1206822840769059/?ref=search&referral_code=null&referral_story_type=post&tracking=browse_serp%3Af63fbce9-cd6a-46f2-998a-80da563f93e7&__tn__=!%3AD,2024-07-10,False
122, Honda civic LX Sedan 4D,2021.0,44000.0,"Lafayette, IN","$16,900",https://www.facebook.com//marketplace/item/416069297859207/?ref=search&referral_code=null&referral_story_type=post&tracking=browse_serp%3Af63fbce9-cd6a-46f2-998a-80da563f93e7&__tn__=!%3AD,2024-07-10,True
123, Toyota corolla LE Sedan 4D,2010.0,312000.0,"Linden, IN","$4,000",https://www.facebook.com//marketplace/item/1943767522712053/?ref=search&referral_code=null&referral_story_type=post&tracking=browse_serp%3Af63fbce9-cd6a-46f2-998a-80da563f93e7&__tn__=!%3AD,2024-07-10,False
125, Honda accord EX Sedan 4D,2013.0,104000.0,"Lafayette, IN","$10,999",https://www.facebook.com//marketplace/item/7856052991150840/?ref=search&referral_code=null&referral_story_type=post&tracking=browse_serp%3Af63fbce9-cd6a-46f2-998a-80da563f93e7&__tn__=!%3AD,2024-07-10,True
129, Mazda mazda6,2014.0,97000.0,"West Lafayette, IN","$11,589",https://www.facebook.com//marketplace/item/810535534123171/?ref=search&referral_code=null&referral_story_type=post&tracking=browse_serp%3Af63fbce9-cd6a-46f2-998a-80da563f93e7&__tn__=!%3AD,2024-07-10,False
139, Toyota avalon Limited Sedan 4D,2020.0,40000.0,"Lafayette, IN","$30,000",https://www.facebook.com//marketplace/item/436460032509887/?ref=search&referral_code=null&referral_story_type=post&tracking=browse_serp%3Af63fbce9-cd6a-46f2-998a-80da563f93e7&__tn__=!%3AD,2024-07-10,False
144," Toyota rav4 ""Sport"" Sport Utility 4D",2008.0,141000.0,"Lafayette, IN","$8,000",https://www.facebook.com//marketplace/item/472075935472205/?ref=search&referral_code=null&referral_story_type=post&tracking=browse_serp%3Af63fbce9-cd6a-46f2-998a-80da563f93e7&__tn__=!%3AD,2024-07-10,False
156, Toyota 4runner Limited Sport Utility 4D,2005.0,221000.0,"West Lafayette, IN","$4,500",https://www.facebook.com//marketplace/item/1143199346921222/?ref=search&referral_code=null&referral_story_type=post&tracking=browse_serp%3Af63fbce9-cd6a-46f2-998a-80da563f93e7&__tn__=!%3AD,2024-07-10,False
158, Honda accord EX Sedan 4D,2000.0,230000.0,"Lafayette, IN","$1,000",https://www.facebook.com//marketplace/item/1795165607640194/?ref=search&referral_code=null&referral_story_type=post&tracking=browse_serp%3Af63fbce9-cd6a-46f2-998a-80da563f93e7&__tn__=!%3AD,2024-07-10,False
162, Toyota sienna Limited Minivan 4D,2014.0,157000.0,"Lafayette, IN","$14,995",https://www.facebook.com//marketplace/item/1635274623844694/?ref=search&referral_code=null&referral_story_type=post&tracking=browse_serp%3Af63fbce9-cd6a-46f2-998a-80da563f93e7&__tn__=!%3AD,2024-07-10,False
168, Toyota highlander Limited Sport Utility 4D,2008.0,144000.0,"West Lafayette, IN","$10,999",https://www.facebook.com//marketplace/item/1582973225581951/?ref=search&referral_code=null&referral_story_type=post&tracking=browse_serp%3Af63fbce9-cd6a-46f2-998a-80da563f93e7&__tn__=!%3AD,2024-07-10,False
174, Toyota matrix XR Sport Wagon 4D,2003.0,149000.0,"Indianapolis, IN","$4,600",https://www.facebook.com//marketplace/item/309609822245406/?ref=search&referral_code=null&referral_story_type=post&tracking=browse_serp%3Af63fbce9-cd6a-46f2-998a-80da563f93e7&__tn__=!%3AD,2024-07-10,False
177, Toyota tacoma regular cab Pickup 2D 6 ft,1990.0,129000.0,"Lafayette, IN","$3,500",https://www.facebook.com//marketplace/item/469784052661276/?ref=search&referral_code=null&referral_story_type=post&tracking=browse_serp%3Af63fbce9-cd6a-46f2-998a-80da563f93e7&__tn__=!%3AD,2024-07-10,False
183, Toyota camry LE Sedan 4D,2015.0,132000.0,"Lafayette, IN","$11,500",https://www.facebook.com//marketplace/item/1500314423901386/?ref=search&referral_code=null&referral_story_type=post&tracking=browse_serp%3Af63fbce9-cd6a-46f2-998a-80da563f93e7&__tn__=!%3AD,2024-07-10,False
209, Toyota corolla LE Sedan 4D,2008.0,190000.0,"Lafayette, IN","$2,500",https://www.facebook.com//marketplace/item/1200917184229056/?ref=search&referral_code=null&referral_story_type=post&tracking=browse_serp%3Af63fbce9-cd6a-46f2-998a-80da563f93e7&__tn__=!%3AD,2024-07-10,False
211, Toyota corolla L Sedan 4D,2013.0,108000.0,"Lafayette, IN","$9,987",https://www.facebook.com//marketplace/item/1147366486627567/?ref=search&referral_code=null&referral_story_type=post&tracking=browse_serp%3Af63fbce9-cd6a-46f2-998a-80da563f93e7&__tn__=!%3AD,2024-07-10,False
216, Honda pilot Touring Sport Utility 4D,2012.0,130000.0,"Lafayette, IN","$11,500",https://www.facebook.com//marketplace/item/1887250955038034/?ref=search&referral_code=null&referral_story_type=post&tracking=browse_serp%3Af63fbce9-cd6a-46f2-998a-80da563f93e7&__tn__=!%3AD,2024-07-10,False
220, Toyota tacoma xtracab PreRunner Pickup,1999.0,192000.0,"West Lafayette, IN","$10,450",https://www.facebook.com//marketplace/item/381884587801178/?ref=search&referral_code=null&referral_story_type=post&tracking=browse_serp%3Af63fbce9-cd6a-46f2-998a-80da563f93e7&__tn__=!%3AD,2024-07-10,False
221, Honda accord EX-L Sedan 4D,2006.0,204000.0,"Battle Ground, IN","$3,900",https://www.facebook.com//marketplace/item/1029594341965519/?ref=search&referral_code=null&referral_story_type=post&tracking=browse_serp%3Af63fbce9-cd6a-46f2-998a-80da563f93e7&__tn__=!%3AD,2024-07-10,False
223, Honda odyssey EX-L Minivan 4D,2010.0,205000.0,"West Lafayette, IN","$4,900",https://www.facebook.com//marketplace/item/792592623064065/?ref=search&referral_code=null&referral_story_type=post&tracking=browse_serp%3Af63fbce9-cd6a-46f2-998a-80da563f93e7&__tn__=!%3AD,2024-07-10,False
229, Honda accord,2012.0,58000.0,"Lafayette, IN","$12,990",https://www.facebook.com//marketplace/item/1167179787916509/?ref=search&referral_code=null&referral_story_type=post&tracking=browse_serp%3Af63fbce9-cd6a-46f2-998a-80da563f93e7&__tn__=!%3AD,2024-07-10,False
230, Honda civic Si Sedan 4D,2013.0,130000.0,"Lafayette, IN","$11,500",https://www.facebook.com//marketplace/item/1500155584230014/?ref=search&referral_code=null&referral_story_type=post&tracking=browse_serp%3Af63fbce9-cd6a-46f2-998a-80da563f93e7&__tn__=!%3AD,2024-07-10,False
241, Honda accord ex,2004.0,183000.0,"Westfield, IN","$4,000",https://www.facebook.com//marketplace/item/839677338085958/?ref=search&referral_code=null&referral_story_type=post&tracking=browse_serp%3Af63fbce9-cd6a-46f2-998a-80da563f93e7&__tn__=!%3AD,2024-07-10,False
251, Honda cr-v SE Sport Utility 4D,2005.0,280000.0,"Dayton, IN","$4,500",https://www.facebook.com//marketplace/item/1177737863376033/?ref=search&referral_code=null&referral_story_type=post&tracking=browse_serp%3Af63fbce9-cd6a-46f2-998a-80da563f93e7&__tn__=!%3AD,2024-07-10,False
258, Toyota 4 runner sr5,2006.0,,"Lafayette, IN","$10,000",https://www.facebook.com//marketplace/item/1200172871172735/?ref=search&referral_code=null&referral_story_type=post&tracking=browse_serp%3Af63fbce9-cd6a-46f2-998a-80da563f93e7&__tn__=!%3AD,2024-07-10,False
264, Toyota 4runner SR5 Sport Utility 4D,2006.0,160000.0,"Frankfort, IN","$10,000",https://www.facebook.com//marketplace/item/1220576985604436/?ref=search&referral_code=null&referral_story_type=post&tracking=browse_serp%3Af63fbce9-cd6a-46f2-998a-80da563f93e7&__tn__=!%3AD,2024-07-10,False
279, Toyota t100 xtracab SR5 Pickup,1996.0,287000.0,"Lafayette, IN","$2,700",https://www.facebook.com//marketplace/item/1495475987731901/?ref=search&referral_code=null&referral_story_type=post&tracking=browse_serp%3Af63fbce9-cd6a-46f2-998a-80da563f93e7&__tn__=!%3AD,2024-07-10,False
280, Honda accord,2013.0,163000.0,"Indianapolis, IN",$2,https://www.facebook.com//marketplace/item/3737508796522857/?ref=search&referral_code=null&referral_story_type=post&tracking=browse_serp%3Af63fbce9-cd6a-46f2-998a-80da563f93e7&__tn__=!%3AD,2024-07-10,False
281, Toyota corolla CE Sedan 4D,2008.0,108000.0,"Lafayette, IN","$7,300",https://www.facebook.com//marketplace/item/305504339296203/?ref=search&referral_code=null&referral_story_type=post&tracking=browse_serp%3Af63fbce9-cd6a-46f2-998a-80da563f93e7&__tn__=!%3AD,2024-07-10,False
283, Honda civic sport touring,2020.0,49000.0,"Lafayette, IN","$23,900",https://www.facebook.com//marketplace/item/775594677845831/?ref=search&referral_code=null&referral_story_type=post&tracking=browse_serp%3Af63fbce9-cd6a-46f2-998a-80da563f93e7&__tn__=!%3AD,2024-07-10,True
287, Honda accord SE Sedan 4D,2011.0,181000.0,"Lafayette, IN","$6,000",https://www.facebook.com//marketplace/item/1048955119512464/?ref=search&referral_code=null&referral_story_type=post&tracking=browse_serp%3Af63fbce9-cd6a-46f2-998a-80da563f93e7&__tn__=!%3AD,2024-07-10,False
289, Toyota corolla L Sedan 4D,2013.0,108000.0,"West Lafayette, IN","$9,857",https://www.facebook.com//marketplace/item/329853510113818/?ref=search&referral_code=null&referral_story_type=post&tracking=browse_serp%3Af63fbce9-cd6a-46f2-998a-80da563f93e7&__tn__=!%3AD,2024-07-10,False
290, Honda civic LX Sedan 4D,2014.0,119000.0,"Lafayette, IN","$11,997",https://www.facebook.com//marketplace/item/399272423112370/?ref=search&referral_code=null&referral_story_type=post&tracking=browse_serp%3Af63fbce9-cd6a-46f2-998a-80da563f93e7&__tn__=!%3AD,2024-07-10,False
294, Toyota rav4 LE Sport Utility 4D,2020.0,42000.0,"Lafayette, IN","$23,000",https://www.facebook.com//marketplace/item/458643123768799/?ref=search&referral_code=null&referral_story_type=post&tracking=browse_serp%3Af63fbce9-cd6a-46f2-998a-80da563f93e7&__tn__=!%3AD,2024-07-10,False
300, Honda civic LX Sedan 4D,2009.0,95000.0,"Lafayette, IN","$9,000",https://www.facebook.com//marketplace/item/935635875002032/?ref=search&referral_code=null&referral_story_type=post&tracking=browse_serp%3Af63fbce9-cd6a-46f2-998a-80da563f93e7&__tn__=!%3AD,2024-07-10,False
309, Honda civic LX Sedan 4D,2018.0,55000.0,"Lafayette, IN","$14,500",https://www.facebook.com//marketplace/item/1371952113486912/?ref=search&referral_code=null&referral_story_type=post&tracking=browse_serp%3Af63fbce9-cd6a-46f2-998a-80da563f93e7&__tn__=!%3AD,2024-07-10,False
314, Toyota rav4 Adventure Sport Utility 4D,2019.0,36000.0,"Delphi, IN","$31,500",https://www.facebook.com//marketplace/item/1505271176861010/?ref=search&referral_code=null&referral_story_type=post&tracking=browse_serp%3Af63fbce9-cd6a-46f2-998a-80da563f93e7&__tn__=!%3AD,2024-07-10,False
315, Toyota 4runner awd SR5,2014.0,180000.0,"Lafayette, IN","$19,900",https://www.facebook.com//marketplace/item/1290385521917880/?ref=search&referral_code=null&referral_story_type=post&tracking=browse_serp%3Af63fbce9-cd6a-46f2-998a-80da563f93e7&__tn__=!%3AD,2024-07-10,True
317, Honda ridgeline rtl 4x4 3.5,2006.0,255000.0,"Lafayette, IN","$6,000",https://www.facebook.com//marketplace/item/497058936110095/?ref=search&referral_code=null&referral_story_type=post&tracking=browse_serp%3Af63fbce9-cd6a-46f2-998a-80da563f93e7&__tn__=!%3AD,2024-07-10,False
318, Honda pilot EX Sport Utility 4D,2012.0,271000.0,"Lafayette, IN","$6,600",https://www.facebook.com//marketplace/item/901501737727748/?ref=search&referral_code=null&referral_story_type=post&tracking=browse_serp%3Af63fbce9-cd6a-46f2-998a-80da563f93e7&__tn__=!%3AD,2024-07-10,False
330, Honda civic Si Sedan 4D,2009.0,159000.0,"Lafayette, IN","$7,000",https://www.facebook.com//marketplace/item/863136042323684/?ref=search&referral_code=null&referral_story_type=post&tracking=browse_serp%3Af63fbce9-cd6a-46f2-998a-80da563f93e7&__tn__=!%3AD,2024-07-10,False
352, Honda civic EX Coupe 2D,2002.0,200000.0,"Lafayette, IN","$1,000",https://www.facebook.com//marketplace/item/438716655232248/?ref=search&referral_code=null&referral_story_type=post&tracking=browse_serp%3Af63fbce9-cd6a-46f2-998a-80da563f93e7&__tn__=!%3AD,2024-07-10,False
355, Honda civic EX Coupe 2D,2003.0,120000.0,"Lafayette, IN","$3,200",https://www.facebook.com//marketplace/item/3658989837651456/?ref=search&referral_code=null&referral_story_type=post&tracking=browse_serp%3Af63fbce9-cd6a-46f2-998a-80da563f93e7&__tn__=!%3AD,2024-07-10,False
358, Honda accord Sport Sedan 4D,2017.0,75000.0,"Lafayette, IN","$15,000",https://www.facebook.com//marketplace/item/1202664584445313/?ref=search&referral_code=null&referral_story_type=post&tracking=browse_serp%3Af63fbce9-cd6a-46f2-998a-80da563f93e7&__tn__=!%3AD,2024-07-10,False
359, Toyota camry SE Sedan 4D,2019.0,94000.0,"Lafayette, IN","$15,900",https://www.facebook.com//marketplace/item/2064403513953222/?ref=search&referral_code=null&referral_story_type=post&tracking=browse_serp%3Af63fbce9-cd6a-46f2-998a-80da563f93e7&__tn__=!%3AD,2024-07-10,True
361, Honda civic,2019.0,66000.0,"Lafayette, IN","$15,900",https://www.facebook.com//marketplace/item/1236215000699948/?ref=search&referral_code=null&referral_story_type=post&tracking=browse_serp%3Af63fbce9-cd6a-46f2-998a-80da563f93e7&__tn__=!%3AD,2024-07-10,True
364, Honda accord EX-L Sedan 4D,2005.0,180000.0,"Lafayette, IN","$4,500",https://www.facebook.com//marketplace/item/1127612448246977/?ref=search&referral_code=null&referral_story_type=post&tracking=browse_serp%3Af63fbce9-cd6a-46f2-998a-80da563f93e7&__tn__=!%3AD,2024-07-10,False
372, Honda civic type r Touring Hatchback Sedan 4D,2021.0,29000.0,"Lafayette, IN","$40,000",https://www.facebook.com//marketplace/item/847038750097267/?ref=search&referral_code=null&referral_story_type=post&tracking=browse_serp%3Af63fbce9-cd6a-46f2-998a-80da563f93e7&__tn__=!%3AD,2024-07-10,False
380, Honda civic EX Sedan 4D,2002.0,237000.0,"Lafayette, IN","$3,000",https://www.facebook.com//marketplace/item/382196367644687/?ref=search&referral_code=null&referral_story_type=post&tracking=browse_serp%3Af63fbce9-cd6a-46f2-998a-80da563f93e7&__tn__=!%3AD,2024-07-10,False
382, Toyota rav4,2020.0,35000.0,"Lafayette, IN","$24,900",https://www.facebook.com//marketplace/item/1716208815577079/?ref=search&referral_code=null&referral_story_type=post&tracking=browse_serp%3Af63fbce9-cd6a-46f2-998a-80da563f93e7&__tn__=!%3AD,2024-07-10,True
384, Toyota corolla LE Sedan 4D,2008.0,190000.0,"Lafayette, IN","$2,500",https://www.facebook.com//marketplace/item/3886525738336776/?ref=search&referral_code=null&referral_story_type=post&tracking=browse_serp%3Af63fbce9-cd6a-46f2-998a-80da563f93e7&__tn__=!%3AD,2024-07-10,False
385, Honda civic,2016.0,76000.0,"West Lafayette, IN","$13,800",https://www.facebook.com//marketplace/item/814181030689976/?ref=search&referral_code=null&referral_story_type=post&tracking=browse_serp%3Af63fbce9-cd6a-46f2-998a-80da563f93e7&__tn__=!%3AD,2024-07-10,False
388, Honda pilot Touring Sport Utility 4D,2013.0,122000.0,"Lafayette, IN","$14,999",https://www.facebook.com//marketplace/item/797401145892809/?ref=search&referral_code=null&referral_story_type=post&tracking=browse_serp%3Af63fbce9-cd6a-46f2-998a-80da563f93e7&__tn__=!%3AD,2024-07-10,True
391, Honda accord Sport Sedan 4D,2018.0,80000.0,"Lafayette, IN","$17,900",https://www.facebook.com//marketplace/item/1661652911330451/?ref=search&referral_code=null&referral_story_type=post&tracking=browse_serp%3Af63fbce9-cd6a-46f2-998a-80da563f93e7&__tn__=!%3AD,2024-07-10,True
393, Toyota gr corolla Circuit Edition Hatchback 4D,2024.0,300.0,"Lafayette, IN","$49,248",https://www.facebook.com//marketplace/item/1117132726041156/?ref=search&referral_code=null&referral_story_type=post&tracking=browse_serp%3Af63fbce9-cd6a-46f2-998a-80da563f93e7&__tn__=!%3AD,2024-07-10,False
414, Honda ridgeline RT Pickup 4D 5 ft,2008.0,247000.0,"Lafayette, IN","$4,500",https://www.facebook.com//marketplace/item/308505671516868/?ref=search&referral_code=null&referral_story_type=post&tracking=browse_serp%3Af63fbce9-cd6a-46f2-998a-80da563f93e7&__tn__=!%3AD,2024-07-10,False
422, Toyota 4runner SR5 Sport Utility 4D,2004.0,205000.0,"West Lafayette, IN","$4,000",https://www.facebook.com//marketplace/item/1094498768489173/?ref=search&referral_code=null&referral_story_type=post&tracking=browse_serp%3Af63fbce9-cd6a-46f2-998a-80da563f93e7&__tn__=!%3AD,2024-07-10,False
429, Honda civic Si Coupe 2D,2014.0,80000.0,"Lafayette, IN","$17,500",https://www.facebook.com//marketplace/item/781715923428845/?ref=search&referral_code=null&referral_story_type=post&tracking=browse_serp%3Af63fbce9-cd6a-46f2-998a-80da563f93e7&__tn__=!%3AD,2024-07-10,False
442, Honda civic,2017.0,98000.0,"Lafayette, IN","$15,900",https://www.facebook.com//marketplace/item/1200994311083951/?ref=search&referral_code=null&referral_story_type=post&tracking=browse_serp%3Af63fbce9-cd6a-46f2-998a-80da563f93e7&__tn__=!%3AD,2024-07-10,True
447, Honda accord LX Sedan 4D,2015.0,238000.0,"West Lafayette, IN","$7,900",https://www.facebook.com//marketplace/item/1298978890965133/?ref=search&referral_code=null&referral_story_type=post&tracking=browse_serp%3Af63fbce9-cd6a-46f2-998a-80da563f93e7&__tn__=!%3AD,2024-07-10,False
450, Honda civic type r Touring Hatchback Sedan 4D,2021.0,30000.0,"Lafayette, IN","$40,000",https://www.facebook.com//marketplace/item/1407139409949481/?ref=search&referral_code=null&referral_story_type=post&tracking=browse_serp%3Af63fbce9-cd6a-46f2-998a-80da563f93e7&__tn__=!%3AD,2024-07-10,False
453, Honda accord EX Sedan 4D,2010.0,201000.0,"Avon, IN","$5,500",https://www.facebook.com//marketplace/item/977848393991855/?ref=search&referral_code=null&referral_story_type=post&tracking=browse_serp%3Af63fbce9-cd6a-46f2-998a-80da563f93e7&__tn__=!%3AD,2024-07-10,False
456, Honda accord,2017.0,114000.0,"Lafayette, IN","$14,800",https://www.facebook.com//marketplace/item/995826742222627/?ref=search&referral_code=null&referral_story_type=post&tracking=browse_serp%3Af63fbce9-cd6a-46f2-998a-80da563f93e7&__tn__=!%3AD,2024-07-10,False
462, Honda accord full loaded SPORT,2018.0,74000.0,"Lafayette, IN","$17,500",https://www.facebook.com//marketplace/item/408012278379381/?ref=search&referral_code=null&referral_story_type=post&tracking=browse_serp%3Af63fbce9-cd6a-46f2-998a-80da563f93e7&__tn__=!%3AD,2024-07-10,True
486, Toyota tacoma access cab Pickup 4D 6 ft,2005.0,145000.0,"Frankfort, IN","$10,500",https://www.facebook.com//marketplace/item/454803467402121/?ref=search&referral_code=null&referral_story_type=post&tracking=browse_serp%3Af63fbce9-cd6a-46f2-998a-80da563f93e7&__tn__=!%3AD,2024-07-10,False
489, Scion xb Turbo 250 HP MINT üèÅToyota,2008.0,150000.0,"Fowler, IN","$10,300",https://www.facebook.com//marketplace/item/638464324966712/?ref=search&referral_code=null&referral_story_type=post&tracking=browse_serp%3Af63fbce9-cd6a-46f2-998a-80da563f93e7&__tn__=!%3AD,2024-07-10,False
492, Toyota tacoma access cab Pickup 4D 6 ft,2008.0,155000.0,"Lafayette, IN","$14,500",https://www.facebook.com//marketplace/item/450444311282537/?ref=search&referral_code=null&referral_story_type=post&tracking=browse_serp%3Af63fbce9-cd6a-46f2-998a-80da563f93e7&__tn__=!%3AD,2024-07-10,False
506, Honda odyssey EX-L Minivan 4D,2010.0,148000.0,"Lafayette, IN","$8,449",https://www.facebook.com//marketplace/item/1320228705360320/?ref=search&referral_code=null&referral_story_type=post&tracking=browse_serp%3Af63fbce9-cd6a-46f2-998a-80da563f93e7&__tn__=!%3AD,2024-07-10,False
507, Honda accord JDM wagon,1997.0,158000.0,"Granger, IN","$5,800",https://www.facebook.com//marketplace/item/158549543852902/?ref=search&referral_code=null&referral_story_type=post&tracking=browse_serp%3Af63fbce9-cd6a-46f2-998a-80da563f93e7&__tn__=!%3AD,2024-07-10,False
512, Honda civic Si Hatchback 2D,2002.0,123000.0,"Lafayette, IN","$6,500",https://www.facebook.com//marketplace/item/332757516393013/?ref=search&referral_code=null&referral_story_type=post&tracking=browse_serp%3Af63fbce9-cd6a-46f2-998a-80da563f93e7&__tn__=!%3AD,2024-07-10,True
518, Crf450 honda,2012.0,,"Lafayette, IN","$3,500",https://www.facebook.com//marketplace/item/1291564438531906/?ref=search&referral_code=null&referral_story_type=post&tracking=browse_serp%3Af63fbce9-cd6a-46f2-998a-80da563f93e7&__tn__=!%3AD,2024-07-10,False
526, Honda accord EX Sedan 4D,2011.0,234000.0,"Lafayette, IN","$4,950",https://www.facebook.com//marketplace/item/1410517949573948/?ref=search&referral_code=null&referral_story_type=post&tracking=browse_serp%3Af63fbce9-cd6a-46f2-998a-80da563f93e7&__tn__=!%3AD,2024-07-10,False
527, Honda accord,2017.0,116000.0,"Lafayette, IN","$13,900",https://www.facebook.com//marketplace/item/805021321596426/?ref=search&referral_code=null&referral_story_type=post&tracking=browse_serp%3Af63fbce9-cd6a-46f2-998a-80da563f93e7&__tn__=!%3AD,2024-07-10,True
528, Honda accord,2011.0,100000.0,"Lafayette, IN","$10,900",https://www.facebook.com//marketplace/item/1161107821983641/?ref=search&referral_code=null&referral_story_type=post&tracking=browse_serp%3Af63fbce9-cd6a-46f2-998a-80da563f93e7&__tn__=!%3AD,2024-07-10,False
536, Honda civic LX-S Sedan 4D,2009.0,176000.0,"Indianapolis, IN","$5,000",https://www.facebook.com//marketplace/item/3474129676202270/?ref=search&referral_code=null&referral_story_type=post&tracking=browse_serp%3Af63fbce9-cd6a-46f2-998a-80da563f93e7&__tn__=!%3AD,2024-07-10,False
538, Honda civic LX Sedan 4D,2009.0,94000.0,"West Lafayette, IN","$8,900",https://www.facebook.com//marketplace/item/717432113844300/?ref=search&referral_code=null&referral_story_type=post&tracking=browse_serp%3Af63fbce9-cd6a-46f2-998a-80da563f93e7&__tn__=!%3AD,2024-07-10,False
542, Honda civic LX Sedan 4D,2014.0,119000.0,"Lafayette, IN","$12,400",https://www.facebook.com//marketplace/item/952565169950324/?ref=search&referral_code=null&referral_story_type=post&tracking=browse_serp%3Af63fbce9-cd6a-46f2-998a-80da563f93e7&__tn__=!%3AD,2024-07-10,False
545, Honda odyssey,2019.0,51000.0,"Lafayette, IN","$27,900",https://www.facebook.com//marketplace/item/453750617366648/?ref=search&referral_code=null&referral_story_type=post&tracking=browse_serp%3Af63fbce9-cd6a-46f2-998a-80da563f93e7&__tn__=!%3AD,2024-07-10,True
549, Mazda mx-5 miata rf Club Convertible 2D,2019.0,58000.0,"West Lafayette, IN","$25,500",https://www.facebook.com//marketplace/item/815003913300108/?ref=search&referral_code=null&referral_story_type=post&tracking=browse_serp%3Af63fbce9-cd6a-46f2-998a-80da563f93e7&__tn__=!%3AD,2024-07-10,False
554, Honda cr-v,2014.0,80000.0,"Lafayette, IN","$15,900",https://www.facebook.com//marketplace/item/1386376778715878/?ref=search&referral_code=null&referral_story_type=post&tracking=browse_serp%3Af63fbce9-cd6a-46f2-998a-80da563f93e7&__tn__=!%3AD,2024-07-10,False
556, Toyota prius,2014.0,112000.0,"Lafayette, IN","$11,150",https://www.facebook.com//marketplace/item/1669861347162613/?ref=search&referral_code=null&referral_story_type=post&tracking=browse_serp%3Af63fbce9-cd6a-46f2-998a-80da563f93e7&__tn__=!%3AD,2024-07-10,False
561, Toyota echo Coupe 2D,2001.0,1900.0,"West Lafayette, IN","$3,000",https://www.facebook.com//marketplace/item/503076079032257/?ref=search&referral_code=null&referral_story_type=post&tracking=browse_serp%3Af63fbce9-cd6a-46f2-998a-80da563f93e7&__tn__=!%3AD,2024-07-10,False
573, Toyota Corolla LE 4dr Sedan 4a,2010.0,,"Lafayette, IN","$1,400",https://www.facebook.com//marketplace/item/1750506038766178/?ref=search&referral_code=null&referral_story_type=post&tracking=browse_serp%3Af63fbce9-cd6a-46f2-998a-80da563f93e7&__tn__=!%3AD,2024-07-10,False
574, Toyota celica GT Hatchback 2D,2004.0,2000.0,"Frankfort, IN","$2,900",https://www.facebook.com//marketplace/item/1647842509366686/?ref=search&referral_code=null&referral_story_type=post&tracking=browse_serp%3Af63fbce9-cd6a-46f2-998a-80da563f93e7&__tn__=!%3AD,2024-07-10,False
587, Honda civic EX Coupe 2D,1999.0,214000.0,"Lafayette, IN","$1,400",https://www.facebook.com//marketplace/item/404022028616982/?ref=search&referral_code=null&referral_story_type=post&tracking=browse_serp%3Af63fbce9-cd6a-46f2-998a-80da563f93e7&__tn__=!%3AD,2024-07-10,False
606, Honda civic,2021.0,32000.0,"Lafayette, IN","$17,900",https://www.facebook.com//marketplace/item/1252993392351034/?ref=search&referral_code=null&referral_story_type=post&tracking=browse_serp%3Af63fbce9-cd6a-46f2-998a-80da563f93e7&__tn__=!%3AD,2024-07-10,True
607, Toyota camry SE,2015.0,83000.0,"West Lafayette, IN","$13,892",https://www.facebook.com//marketplace/item/749625063974403/?ref=search&referral_code=null&referral_story_type=post&tracking=browse_serp%3Af63fbce9-cd6a-46f2-998a-80da563f93e7&__tn__=!%3AD,2024-07-10,False
611, Honda accord LX Sedan 4D,2001.0,138000.0,"Linden, IN","$2,800",https://www.facebook.com//marketplace/item/8016913701709315/?ref=search&referral_code=null&referral_story_type=post&tracking=browse_serp%3Af63fbce9-cd6a-46f2-998a-80da563f93e7&__tn__=!%3AD,2024-07-10,False
634, Toyota corolla hybrid LE Sedan 4D,2022.0,56000.0,"Lafayette, IN",$449,https://www.facebook.com//marketplace/item/1349962372358141/?ref=search&referral_code=null&referral_story_type=post&tracking=browse_serp%3Af63fbce9-cd6a-46f2-998a-80da563f93e7&__tn__=!%3AD,2024-07-10,False
678, Toyota camry XLE Sedan 4D,2005.0,229000.0,"Crawfordsville, IN","$4,000",https://www.facebook.com//marketplace/item/7811644118942657/?ref=search&referral_code=null&referral_story_type=post&tracking=browse_serp%3Af63fbce9-cd6a-46f2-998a-80da563f93e7&__tn__=!%3AD,2024-07-10,False
680, Toyota corolla L Sedan 4D,2013.0,108000.0,"Lafayette, IN","$10,500",https://www.facebook.com//marketplace/item/385426067403718/?ref=search&referral_code=null&referral_story_type=post&tracking=browse_serp%3Af63fbce9-cd6a-46f2-998a-80da563f93e7&__tn__=!%3AD,2024-07-10,False
683, Honda civic Sport Sedan 4D,2021.0,67000.0,"Lafayette, IN","$19,500",https://www.facebook.com//marketplace/item/468608075857905/?ref=search&referral_code=null&referral_story_type=post&tracking=browse_serp%3Af63fbce9-cd6a-46f2-998a-80da563f93e7&__tn__=!%3AD,2024-07-10,False
694, Toyota camry le 6-spd at,2010.0,211000.0,"Lafayette, IN","$1,999",https://www.facebook.com//marketplace/item/753631636978918/?ref=search&referral_code=null&referral_story_type=post&tracking=browse_serp%3Af63fbce9-cd6a-46f2-998a-80da563f93e7&__tn__=!%3AD,2024-07-10,False
695, Honda civic,2007.0,177000.0,"Lafayette, IN","$4,800",https://www.facebook.com//marketplace/item/440014335554505/?ref=search&referral_code=null&referral_story_type=post&tracking=browse_serp%3Af63fbce9-cd6a-46f2-998a-80da563f93e7&__tn__=!%3AD,2024-07-10,False
701, Toyota sienna LE Minivan 4D,2006.0,275000.0,"West Lafayette, IN","$4,000",https://www.facebook.com//marketplace/item/889959705689607/?ref=search&referral_code=null&referral_story_type=post&tracking=browse_serp%3Af63fbce9-cd6a-46f2-998a-80da563f93e7&__tn__=!%3AD,2024-07-10,False
710, Honda odyssey EX-L Minivan 4D,2004.0,162000.0,"Lafayette, IN","$3,200",https://www.facebook.com//marketplace/item/1500288417574722/?ref=search&referral_code=null&referral_story_type=post&tracking=browse_serp%3Af63fbce9-cd6a-46f2-998a-80da563f93e7&__tn__=!%3AD,2024-07-10,False
716, Honda accord sport loaded,2016.0,106000.0,"Lafayette, IN","$17,900",https://www.facebook.com//marketplace/item/1120679625326622/?ref=search&referral_code=null&referral_story_type=post&tracking=browse_serp%3Af63fbce9-cd6a-46f2-998a-80da563f93e7&__tn__=!%3AD,2024-07-10,True
717, Honda pilot,2018.0,,"Lafayette, IN","$22,900",https://www.facebook.com//marketplace/item/447110141307089/?ref=search&referral_code=null&referral_story_type=post&tracking=browse_serp%3Af63fbce9-cd6a-46f2-998a-80da563f93e7&__tn__=!%3AD,2024-07-10,True
741, Honda pilot,2020.0,,"Lafayette, IN","$25,900",https://www.facebook.com//marketplace/item/1183315439498877/?ref=search&referral_code=null&referral_story_type=post&tracking=browse_serp%3Af63fbce9-cd6a-46f2-998a-80da563f93e7&__tn__=!%3AD,2024-07-10,True
750, Honda del sol Si Coupe 2D,1993.0,117000.0,"Indianapolis, IN","$4,500",https://www.facebook.com//marketplace/item/981935756210843/?ref=search&referral_code=null&referral_story_type=post&tracking=browse_serp%3Af63fbce9-cd6a-46f2-998a-80da563f93e7&__tn__=!%3AD,2024-07-10,False
752, Toyota camry SE Sedan 4D,2020.0,61000.0,"West Lafayette, IN","$22,999",https://www.facebook.com//marketplace/item/1014763990324569/?ref=search&referral_code=null&referral_story_type=post&tracking=browse_serp%3Af63fbce9-cd6a-46f2-998a-80da563f93e7&__tn__=!%3AD,2024-07-10,False
754, Honda accord EX-L Sedan 4D,2016.0,95000.0,"Lafayette, IN","$15,900",https://www.facebook.com//marketplace/item/752241680423388/?ref=search&referral_code=null&referral_story_type=post&tracking=browse_serp%3Af63fbce9-cd6a-46f2-998a-80da563f93e7&__tn__=!%3AD,2024-07-10,True
755, Honda accord EX-L Sedan 4D,2008.0,190000.0,"Lafayette, IN","$5,700",https://www.facebook.com//marketplace/item/679694147573246/?ref=search&referral_code=null&referral_story_type=post&tracking=browse_serp%3Af63fbce9-cd6a-46f2-998a-80da563f93e7&__tn__=!%3AD,2024-07-10,False
756, Honda civic LX-P,2018.0,42000.0,"Lafayette, IN","$15,900",https://www.facebook.com//marketplace/item/773606934962953/?ref=search&referral_code=null&referral_story_type=post&tracking=browse_serp%3Af63fbce9-cd6a-46f2-998a-80da563f93e7&__tn__=!%3AD,2024-07-10,True
758, Honda civic LX Sedan 4D,2008.0,175000.0,"West Lafayette, IN","$6,500",https://www.facebook.com//marketplace/item/468330815757601/?ref=search&referral_code=null&referral_story_type=post&tracking=browse_serp%3Af63fbce9-cd6a-46f2-998a-80da563f93e7&__tn__=!%3AD,2024-07-10,False
759, Toyota yaris Sedan 4D,2010.0,135000.0,"Noblesville, IN","$5,995",https://www.facebook.com//marketplace/item/7879149425507863/?ref=search&referral_code=null&referral_story_type=post&tracking=browse_serp%3Af63fbce9-cd6a-46f2-998a-80da563f93e7&__tn__=!%3AD,2024-07-10,False
760, Honda civic EX-T Sedan 4D,2016.0,65000.0,"Lafayette, IN","$17,900",https://www.facebook.com//marketplace/item/898655331104341/?ref=search&referral_code=null&referral_story_type=post&tracking=browse_serp%3Af63fbce9-cd6a-46f2-998a-80da563f93e7&__tn__=!%3AD,2024-07-10,True
763, Honda accord Sport Sedan 4D,2017.0,72000.0,"Lafayette, IN","$16,500",https://www.facebook.com//marketplace/item/2803067013169413/?ref=search&referral_code=null&referral_story_type=post&tracking=browse_serp%3Af63fbce9-cd6a-46f2-998a-80da563f93e7&__tn__=!%3AD,2024-07-10,False
767, Toyota avalon,2008.0,52000.0,"Lafayette, IN","$10,900",https://www.facebook.com//marketplace/item/1147453032996134/?ref=search&referral_code=null&referral_story_type=post&tracking=browse_serp%3Af63fbce9-cd6a-46f2-998a-80da563f93e7&__tn__=!%3AD,2024-07-10,False
770, Honda civic EX Hatchback 4D,2020.0,62000.0,"Lafayette, IN","$23,995",https://www.facebook.com//marketplace/item/210057615083797/?ref=search&referral_code=null&referral_story_type=post&tracking=browse_serp%3Af63fbce9-cd6a-46f2-998a-80da563f93e7&__tn__=!%3AD,2024-07-10,False
791, Toyota prius I Hatchback 4D,2010.0,25000.0,"Crawfordsville, IN","$1,234",https://www.facebook.com//marketplace/item/341889895467391/?ref=search&referral_code=null&referral_story_type=post&tracking=browse_serp%3Af63fbce9-cd6a-46f2-998a-80da563f93e7&__tn__=!%3AD,2024-07-10,False
794, Honda accord,2015.0,238000.0,"West Lafayette, IN","$7,900",https://www.facebook.com//marketplace/item/1154810385812191/?ref=search&referral_code=null&referral_story_type=post&tracking=browse_serp%3Af63fbce9-cd6a-46f2-998a-80da563f93e7&__tn__=!%3AD,2024-07-10,False
795, Honda accord VP Sedan 4D,2006.0,300000.0,"Remington, IN",Free,https://www.facebook.com//marketplace/item/405896681910789/?ref=search&referral_code=null&referral_story_type=post&tracking=browse_serp%3Af63fbce9-cd6a-46f2-998a-80da563f93e7&__tn__=!%3AD,2024-07-10,False
796, Honda grom,2015.0,7900.0,"Lafayette, IN","$3,000",https://www.facebook.com//marketplace/item/8461891117172442/?ref=search&referral_code=null&referral_story_type=post&tracking=browse_serp%3Af63fbce9-cd6a-46f2-998a-80da563f93e7&__tn__=!%3AD,2024-07-10,False
797, Honda crosstour,2013.0,96000.0,"Lafayette, IN","$12,800",https://www.facebook.com//marketplace/item/1657036571743577/?ref=search&referral_code=null&referral_story_type=post&tracking=browse_serp%3Af63fbce9-cd6a-46f2-998a-80da563f93e7&__tn__=!%3AD,2024-07-10,False
800, Mazda rx-7 GTU,1990.0,1200.0,"Delphi, IN","$5,000",https://www.facebook.com//marketplace/item/967840814909250/?ref=search&referral_code=null&referral_story_type=post&tracking=browse_serp%3Af63fbce9-cd6a-46f2-998a-80da563f93e7&__tn__=!%3AD,2024-07-10,False
826, Honda civic LX Sedan 4D,1998.0,198000.0,"Frankfort, IN","$2,500",https://www.facebook.com//marketplace/item/444951588466589/?ref=search&referral_code=null&referral_story_type=post&tracking=browse_serp%3Af63fbce9-cd6a-46f2-998a-80da563f93e7&__tn__=!%3AD,2024-07-10,False
828, Honda civic Sport Sedan 4D,2021.0,68000.0,"Lafayette, IN","$19,500",https://www.facebook.com//marketplace/item/287432897784331/?ref=search&referral_code=null&referral_story_type=post&tracking=browse_serp%3Af63fbce9-cd6a-46f2-998a-80da563f93e7&__tn__=!%3AD,2024-07-10,False
829, Toyota camry XLE Sedan 4D,2007.0,189000.0,"Avon, IN","$4,200",https://www.facebook.com//marketplace/item/7752316338177786/?ref=search&referral_code=null&referral_story_type=post&tracking=browse_serp%3Af63fbce9-cd6a-46f2-998a-80da563f93e7&__tn__=!%3AD,2024-07-10,False
831, Honda civic full loaded SPORT,2020.0,71000.0,"Lafayette, IN","$17,500",https://www.facebook.com//marketplace/item/435750842453859/?ref=search&referral_code=null&referral_story_type=post&tracking=browse_serp%3Af63fbce9-cd6a-46f2-998a-80da563f93e7&__tn__=!%3AD,2024-07-10,True
833, Honda accord LX Sedan 4D,2011.0,125000.0,"Lafayette, IN","$12,900",https://www.facebook.com//marketplace/item/1148384616280835/?ref=search&referral_code=null&referral_story_type=post&tracking=browse_serp%3Af63fbce9-cd6a-46f2-998a-80da563f93e7&__tn__=!%3AD,2024-07-10,False
838, Honda accord LX Sedan 4D,2016.0,120000.0,"Lafayette, IN","$14,399",https://www.facebook.com//marketplace/item/678971357743866/?ref=search&referral_code=null&referral_story_type=post&tracking=browse_serp%3Af63fbce9-cd6a-46f2-998a-80da563f93e7&__tn__=!%3AD,2024-07-10,True
839, Toyota highlander Limited Sport Utility 4D,2008.0,144000.0,"West Lafayette, IN","$10,999",https://www.facebook.com//marketplace/item/451229204529615/?ref=search&referral_code=null&referral_story_type=post&tracking=browse_serp%3Af63fbce9-cd6a-46f2-998a-80da563f93e7&__tn__=!%3AD,2024-07-10,False
842, Honda pilot EX-L w/Honda Sensing Sport Utility 4D,2018.0,66000.0,"Lafayette, IN","$22,900",https://www.facebook.com//marketplace/item/1185896615747555/?ref=search&referral_code=null&referral_story_type=post&tracking=browse_serp%3Af63fbce9-cd6a-46f2-998a-80da563f93e7&__tn__=!%3AD,2024-07-10,True
843, Honda accord ex-l,2013.0,86000.0,"Lafayette, IN","$14,900",https://www.facebook.com//marketplace/item/836767444655005/?ref=search&referral_code=null&referral_story_type=post&tracking=browse_serp%3Af63fbce9-cd6a-46f2-998a-80da563f93e7&__tn__=!%3AD,2024-07-10,False
848, Honda accord,2013.0,105000.0,"Lafayette, IN","$12,875",https://www.facebook.com//marketplace/item/1151784399395327/?ref=search&referral_code=null&referral_story_type=post&tracking=browse_serp%3Af63fbce9-cd6a-46f2-998a-80da563f93e7&__tn__=!%3AD,2024-07-10,False
864, Honda odyssey,2001.0,171000.0,"Frankfort, IN","$1,900",https://www.facebook.com//marketplace/item/815554953975856/?ref=search&referral_code=null&referral_story_type=post&tracking=browse_serp%3Af63fbce9-cd6a-46f2-998a-80da563f93e7&__tn__=!%3AD,2024-07-10,False
866, Toyota venza Wagon 4D,2009.0,157000.0,"Chicago Heights, IL","$6,300",https://www.facebook.com//marketplace/item/7668394149850267/?ref=search&referral_code=null&referral_story_type=post&tracking=browse_serp%3Af63fbce9-cd6a-46f2-998a-80da563f93e7&__tn__=!%3AD,2024-07-10,False
871, Honda ct,1983.0,1700.0,"West Lafayette, IN","$3,400",https://www.facebook.com//marketplace/item/1122206195550339/?ref=search&referral_code=null&referral_story_type=post&tracking=browse_serp%3Af63fbce9-cd6a-46f2-998a-80da563f93e7&__tn__=!%3AD,2024-07-10,False
873, Honda accord DX Sedan 4D,1997.0,250000.0,"Lafayette, IN",$900,https://www.facebook.com//marketplace/item/1486315241968780/?ref=search&referral_code=null&referral_story_type=post&tracking=browse_serp%3Af63fbce9-cd6a-46f2-998a-80da563f93e7&__tn__=!%3AD,2024-07-10,False
877, Toyota celica GT-S Hatchback Coupe 2D,2005.0,106000.0,"Lafayette, IN","$12,000",https://www.facebook.com//marketplace/item/7293827767400700/?ref=search&referral_code=null&referral_story_type=post&tracking=browse_serp%3Af63fbce9-cd6a-46f2-998a-80da563f93e7&__tn__=!%3AD,2024-07-10,False
884, Toyota 4runner awd full loaded LIMITED,2015.0,91000.0,"Lafayette, IN","$25,900",https://www.facebook.com//marketplace/item/709438351067398/?ref=search&referral_code=null&referral_story_type=post&tracking=browse_serp%3Af63fbce9-cd6a-46f2-998a-80da563f93e7&__tn__=!%3AD,2024-07-10,True
887, Honda civic CX Hatchback 2D,1996.0,1200.0,"Lafayette, IN","$5,500",https://www.facebook.com//marketplace/item/1913648992427864/?ref=search&referral_code=null&referral_story_type=post&tracking=browse_serp%3Af63fbce9-cd6a-46f2-998a-80da563f93e7&__tn__=!%3AD,2024-07-10,False
890, Toyota sienna awd full loaded XLE,2014.0,156000.0,"Lafayette, IN","$16,500",https://www.facebook.com//marketplace/item/862414225642224/?ref=search&referral_code=null&referral_story_type=post&tracking=browse_serp%3Af63fbce9-cd6a-46f2-998a-80da563f93e7&__tn__=!%3AD,2024-07-10,True
904, Toyota camry l fwd,2019.0,93000.0,"Frankfort, IN","$17,640",https://www.facebook.com//marketplace/item/462136699859795/?ref=search&referral_code=null&referral_story_type=post&tracking=browse_serp%3Af63fbce9-cd6a-46f2-998a-80da563f93e7&__tn__=!%3AD,2024-07-10,False
907, Honda civic,2017.0,,"Lafayette, IN","$15,900",https://www.facebook.com//marketplace/item/1275086243466371/?ref=search&referral_code=null&referral_story_type=post&tracking=browse_serp%3Af63fbce9-cd6a-46f2-998a-80da563f93e7&__tn__=!%3AD,2024-07-10,True
908, Honda civic,2015.0,150000.0,"Frankfort, IN","$8,000",https://www.facebook.com//marketplace/item/329933116771353/?ref=search&referral_code=null&referral_story_type=post&tracking=browse_serp%3Af63fbce9-cd6a-46f2-998a-80da563f93e7&__tn__=!%3AD,2024-07-10,False
909, Toyota corolla LE Sedan 4D,2012.0,69000.0,"Lafayette, IN","$12,975",https://www.facebook.com//marketplace/item/481965687642670/?ref=search&referral_code=null&referral_story_type=post&tracking=browse_serp%3Af63fbce9-cd6a-46f2-998a-80da563f93e7&__tn__=!%3AD,2024-07-10,False
911, Honda accord LX Sedan 4D,2014.0,110000.0,"Frankfort, IN","$12,500",https://www.facebook.com//marketplace/item/6890798521015704/?ref=search&referral_code=null&referral_story_type=post&tracking=browse_serp%3Af63fbce9-cd6a-46f2-998a-80da563f93e7&__tn__=!%3AD,2024-07-10,False
912, Toyota sienna,2007.0,125000.0,"Lafayette, IN","$6,900",https://www.facebook.com//marketplace/item/1174758577169600/?ref=search&referral_code=null&referral_story_type=post&tracking=browse_serp%3Af63fbce9-cd6a-46f2-998a-80da563f93e7&__tn__=!%3AD,2024-07-10,False
913, Honda accord,2013.0,105000.0,"Lafayette, IN","$12,475",https://www.facebook.com//marketplace/item/3655849277991080/?ref=search&referral_code=null&referral_story_type=post&tracking=browse_serp%3Af63fbce9-cd6a-46f2-998a-80da563f93e7&__tn__=!%3AD,2024-07-10,False
917, Honda accord LX Sedan 4D,2015.0,141000.0,"West Lafayette, IN","$10,900",https://www.facebook.com//marketplace/item/1141518103568109/?ref=search&referral_code=null&referral_story_type=post&tracking=browse_serp%3Af63fbce9-cd6a-46f2-998a-80da563f93e7&__tn__=!%3AD,2024-07-10,False
923, Honda accord LX Coupe 2D,2002.0,178000.0,"Lucerne, IN","$2,200",https://www.facebook.com//marketplace/item/664500915748153/?ref=search&referral_code=null&referral_story_type=post&tracking=browse_serp%3Af63fbce9-cd6a-46f2-998a-80da563f93e7&__tn__=!%3AD,2024-07-10,False
924, Honda odyssey EX-L Minivan 4D,2016.0,96000.0,"West Lafayette, IN","$19,999",https://www.facebook.com//marketplace/item/742781864498105/?ref=search&referral_code=null&referral_story_type=post&tracking=browse_serp%3Af63fbce9-cd6a-46f2-998a-80da563f93e7&__tn__=!%3AD,2024-07-10,False
940, Toyota fj cruiser Sport Utility 2D,2007.0,172000.0,"Lafayette, IN","$18,799",https://www.facebook.com//marketplace/item/1100801454357676/?ref=search&referral_code=null&referral_story_type=post&tracking=browse_serp%3Af63fbce9-cd6a-46f2-998a-80da563f93e7&__tn__=!%3AD,2024-07-10,False
965, Toyota 4runner awd full loaded LIMITED,2015.0,91000.0,"Lafayette, IN","$25,900",https://www.facebook.com//marketplace/item/420590953751429/?ref=search&referral_code=null&referral_story_type=post&tracking=browse_serp%3Af63fbce9-cd6a-46f2-998a-80da563f93e7&__tn__=!%3AD,2024-07-10,True
968, Honda accord EX-L Coupe 2D,1987.0,132000.0,"Lafayette, IN","$1,000",https://www.facebook.com//marketplace/item/858490182122480/?ref=search&referral_code=null&referral_story_type=post&tracking=browse_serp%3Af63fbce9-cd6a-46f2-998a-80da563f93e7&__tn__=!%3AD,2024-07-10,False
970, Honda ridgeline awd loaded RTL-E,2017.0,97000.0,"Lafayette, IN","$25,900",https://www.facebook.com//marketplace/item/1565447084209041/?ref=search&referral_code=null&referral_story_type=post&tracking=browse_serp%3Af63fbce9-cd6a-46f2-998a-80da563f93e7&__tn__=!%3AD,2024-07-10,True
978, Honda civic LX Sedan 4D,2019.0,69000.0,"Lafayette, IN","$20,900",https://www.facebook.com//marketplace/item/1194065854917366/?ref=search&referral_code=null&referral_story_type=post&tracking=browse_serp%3Af63fbce9-cd6a-46f2-998a-80da563f93e7&__tn__=!%3AD,2024-07-10,False
980, Mazda mazda3 i Sedan 4D,2004.0,169000.0,"Frankfort, IN","$1,800",https://www.facebook.com//marketplace/item/1006240547751643/?ref=search&referral_code=null&referral_story_type=post&tracking=browse_serp%3Af63fbce9-cd6a-46f2-998a-80da563f93e7&__tn__=!%3AD,2024-07-10,False
982, Honda accord full loaded SPORT,2019.0,142000.0,"Lafayette, IN","$19,500",https://www.facebook.com//marketplace/item/1697828237417555/?ref=search&referral_code=null&referral_story_type=post&tracking=browse_serp%3Af63fbce9-cd6a-46f2-998a-80da563f93e7&__tn__=!%3AD,2024-07-10,True
985, Toyota camry se loaded,2021.0,64000.0,"Lafayette, IN","$23,900",https://www.facebook.com//marketplace/item/1285582645412041/?ref=search&referral_code=null&referral_story_type=post&tracking=browse_serp%3Af63fbce9-cd6a-46f2-998a-80da563f93e7&__tn__=!%3AD,2024-07-10,True
987, Honda accord ex-l,2013.0,86000.0,"Lafayette, IN","$14,900",https://www.facebook.com//marketplace/item/432542389657204/?ref=search&referral_code=null&referral_story_type=post&tracking=browse_serp%3Af63fbce9-cd6a-46f2-998a-80da563f93e7&__tn__=!%3AD,2024-07-10,False
995, Toyota matrix XR Sport Wagon 4D,2004.0,100000.0,"Tinley Park, IL","$2,800",https://www.facebook.com//marketplace/item/406369271790516/?ref=search&referral_code=null&referral_story_type=post&tracking=browse_serp%3Af63fbce9-cd6a-46f2-998a-80da563f93e7&__tn__=!%3AD,2024-07-10,False
997, Mazda b-series cab plus B4000 4WD SE 4D,1998.0,212000.0,"Rossville, IN","$3,500",https://www.facebook.com//marketplace/item/1673653703474647/?ref=search&referral_code=null&referral_story_type=post&tracking=browse_serp%3Af63fbce9-cd6a-46f2-998a-80da563f93e7&__tn__=!%3AD,2024-07-10,False
